Numero;Titolo
1;Conoscete bene Dio?
2;Sopravvivrete agli ultimi giorni?
3;Avanziamo insieme all'unita organizzazione di Geova
4;Prove dell'esistenza di Dio nel mondo intorno a noi
5;Vero aiuto per la famiglia
6;Impariamo dal diluvio dei giorni di NoÃ¨
7;"Imitiamo ""il Padre delle tenere misericordie"""
8;Viviamo non per noi stessi ma per fare la volontÃ  di Dio
9;Ascoltiamo la Parola di Dio e mettiamola in pratica
10;Siate onesti in tutto ciÃ² che dite e fate
11;Non fate parte del mondo a imitazione di Cristo
12;Il modo in cui considerate l'autoritÃ  Ã¨ importante agli occhi di Dio
13;Adottiamo il punto di vista di Dio sul sesso e sul matrimonio
14;Un popolo puro onora Geova
15;Fate del bene a tutti
16;Continuate ad accrescere la vostra relazione con Dio
17;Diamo gloria a Dio con tutto ciÃ² che abbiamo
18;Fate di Geova la vostra fortezza
19;Possiamo conoscere il nostro futuro?
20;Ãˆ vicino il tempo in cui il Regno di Dio governerÃ  la terra?
21;Apprezzate il posto che avete nella disposizione del Regno
22;Vi state avvalendo dei doni spirituali di Geova?
23;La vita ha veramente uno scopo
24;"Avete trovato la ""perla di grande valore""?"
25;Resistiamo allo spirito del mondo!
26;Sei importante per Dio?
27;Un buon inizio per il matrimonio
28;Rispetto e amore nel matrimonio
29;Essere genitori: responsabilitÃ  e ricompense
30;Come migliorare la comunicazione in famiglia
31;Siete consapevoli del vostro bisogno spirituale?
32;Come far fronte alle preoccupazioni della vita
33;Ci sarÃ  mai vera giustizia?
34;"Riceverete il ""segno"" per essere salvati?"
35;Vivremo mai per sempre?
36;Ãˆ tutta qui la vita?
37;Le vie di Dio sono davvero di beneficio?
38;Come potete sopravvivere alla fine del mondo?
39;GesÃ¹ Cristo vince il mondo. Come? E quando?
40;Cosa accadrÃ  nel prossimo futuro?
41;State fermi e vedete la salvezza di Geova
42;L'amore puÃ² sconfiggere l'odio?
43;Quello che Dio richiede Ã¨ sempre per il nostro bene
44;Come possono esserci utili gli insegnamenti di GesÃ¹?
45;Seguiamo la strada che porta alla vita
46;Manteniamo forte la nostra fiducia fino alla fine
48;Rimaniamo leali a Dio quando siamo messi alla prova
49;Vivremo mai su una terra purificata?
50;Come prendere decisioni sagge
51;La veritÃ  sta trasformando la vostra vita?
52;Chi Ã¨ il vostro Dio?
53;Il nostro modo di pensare Ã¨ in armonia con quello di Dio?
54;Edifichiamo la nostra fede in Dio e nelle sue promesse
55;Come possiamo farci un buon nome presso Dio?
56;Di quale leader potete fidarvi?
57;Resistiamo nella persecuzione
58;Chi sono i veri seguaci di Cristo?
60;Qual Ã¨ lo scopo della vita?
61;Di quali promesse vi fidate?
62;Come si puÃ² avere una speranza certa?
63;Avete lo spirito di evangelizzazione?
64;Amanti dei piaceri o amanti di Dio?
65;Pacifici in un mondo pieno di rabbia
66;Parteciperai alla mietitura?
67;Meditiamo sulla Parola di Geova e sulle sue opere creative
68;'Continuate a perdonarvi gli uni gli altri senza riserve'
69;PerchÃ© mostrare amore altruistico?
70;PerchÃ© Dio merita la nostra fiducia?
71;Restiamo svegli: perchÃ© e come?
72;L'amore contraddistingue la vera congregazione cristiana
73;"Come possiamo avere ""un cuore saggio""?"
74;Gli occhi di Geova sono su di noi
75;Sosteniamo la sovranitÃ  di Geova con il nostro modo di vivere
76;I principi biblici possono aiutarci ad affrontare i problemi di oggi?
77;Siate sempre ospitali
78;Serviamo Geova con cuore gioioso!
79;Di chi volete essere amici?
80;Riponete le vostre speranze nella scienza o nella Bibbia?
81;Chi Ã¨ qualificato per fare discepoli?
83;I cristiani devono ubbidire ai Dieci Comandamenti?
84;Sfuggirete al destino di questo mondo?
85;Una buona notizia in un mondo violento
86;Preghiere che Dio ascolta
87;Che relazione avete con Dio?
88;PerchÃ© seguire le norme della Bibbia?
89;Venite voi che avete sete di veritÃ !
90;Sforzatevi di afferrare la vera vita!
91;La presenza del Messia e il suo dominio
92;Il ruolo della religione negli affari mondiali
93;Un mondo senza calamitÃ  naturali: quando?
94;La vera religione soddisfa i bisogni della societÃ  umana
95;Non facciamoci ingannare dallo spiritismo!
96;Quale sarÃ  il futuro della religione?
97;Irriprovevoli in mezzo a una generazione perversa
98;La scena di questo mondo cambia
99;PerchÃ© possiamo avere fiducia nella Bibbia
100;Come stringere forti amicizie
101;"Geova il ""grande Creatore"""
102;"Prestiamo attenzione alle ""parole profetiche"""
103;Come possiamo provare vera gioia?
104;Genitori state costruendo con materiali resistenti al fuoco?
105;Conforto in tutte le nostre tribolazioni
106;Chi rovina la terra incorre nel giudizio di Dio
107;I vantaggi di una coscienza ben addestrata
108;Possiamo affrontare il futuro con fiducia!
109;II Regno di Dio Ã¨ vicino
110;Nella famiglia felice Dio ha il primo posto
111;Vera guarigione per l'umanitÃ : in che modo?
113;Ragazzi come potete avere successo e felicitÃ ?
114;Apprezziamo le meraviglie della creazione di Dio
115;Proteggiamoci dalle insidie di Satana
116;Siate saggi nella scelta delle amicizie
117;Come vincere il male col bene
118;Guardiamo i giovani dal punto di vista di Geova
119;Benefici che hanno i cristiani essendo separati dal mondo
120;PerchÃ© sottomettersi ora al dominio di Dio
121;Una famiglia mondiale sopravvive a una catastrofe
124;Motivi per avere fiducia che Dio Ã¨ l'Autore della Bibbia
125;PerchÃ© l'umanitÃ  ha bisogno di un riscatto
126;Chi puÃ² essere salvato?
127;Cosa accade quando si muore?
128;L'inferno Ã¨ davvero un luogo di tormento infuocato?
129;La TrinitÃ  Ã¨ una dottrina basata sulla Bibbia?
130;La terra rimarrÃ  per sempre
132;La risurrezione: vittoria sulla morte!
133;L'origine dell'uomo: ha importanza ciÃ² in cui credete?
134;I cristiani dovrebbero osservare il Sabato?
135;La santitÃ  della vita e del sangue
136;Dio approva l'uso delle immagini nell'adorazione?
137;I miracoli narrati nella Bibbia sono accaduti veramente?
138;Viviamo con sanitÃ  di mente in un mondo depravato
139;La sapienza divina in un mondo scientifico
140;Chi Ã¨ veramente GesÃ¹ Cristo?
141;Fino a quando la creazione umana continuerÃ  a gemere?
142;PerchÃ© rifugiarsi in Geova
143;Confidiamo nell'Iddio di ogni conforto
144;Una congregazione leale sotto la guida di Cristo
145;Chi Ã¨ simile a Geova nostro Dio?
146;Valetevi dell'istruzione per lodare Geova
147;Confidiamo nel potere che Geova ha di salvare le persone
148;Condividete il punto di vista di Dio sulla vita?
149;State camminando con Dio?
150;Questo mondo Ã¨ condannato alla rovina?
151;"Geova Ã¨ ""una sicura altezza"" per il suo popolo"
152;Il vero Armaghedon: PerchÃ©? Quando?
153;"Teniamo bene a mente il ""tremendo giorno""!"
154;Il dominio umano: pesato sulla bilancia
155;Ãˆ arrivata l'ora del giudizio di Babilonia?
156;Il giorno del giudizio: un tempo di timore o di speranza?
157;Modi in cui i veri cristiani adornano l'insegnamento divino
158;Siate coraggiosi e confidate in Geova
159;Sicurezza in un mondo pericoloso
160;Salvaguardate la vostra identitÃ  cristiana!
161;PerchÃ© GesÃ¹ dovette soffrire e morire?
162;Liberazione da un mondo di tenebre
163;PerchÃ© temere il vero Dio?
164;Dio ha ancora il controllo della situazione?
165;Quali valori considerate preziosi?
166;La vera fede: cos'Ã¨? Come possiamo manifestarla?
167;Agite con saggezza in un mondo insensato
168;Possiamo sentirci al sicuro in un mondo travagliato!
169;PerchÃ© farsi guidare dalla Bibbia?
170;Chi Ã¨ idoneo per governare l'umanitÃ ?
171;Possiamo vivere in pace ora e per sempre!
172;Che reputazione avete agli occhi di Dio?
173;Dio approva tutte le religioni?
174;Chi sarÃ  idoneo per entrare nel nuovo mondo di Dio?
175;Cosa indica che la Bibbia Ã¨ degna di fiducia?
176;Vera pace e sicurezza: Quando?
177;Dove si puÃ² trovare aiuto nei momenti difficili?
178;Camminiamo nella via dell'integritÃ 
179;Rigettate le fantasie del mondo perseguite le realtÃ  del Regno
180;PerchÃ© la speranza della risurrezione dovrebbe essere reale per voi
181;Ãˆ piÃ¹ tardi di quanto pensiate?
182;CiÃ² che il Regno di Dio sta facendo per noi ora
183;Distogliamo lo sguardo dalle cose inutili
184;La morte Ã¨ la fine di tutto?
185;La veritÃ  influisce su di voi?
186;Unitevi al felice popolo di Dio
187;PerchÃ© mai un Dio di amore permetterebbe il male?
188;La vostra fiducia Ã¨ in Geova?
189;Camminare con Dio reca benedizioni ora e per sempre
190;Una famiglia felice: la promessa diventa realtÃ 
191;Come l'amore e la fede vincono il mondo
192;Siete sulla strada che porta alla vita eterna?
193;Sopravviviamo agli sconvolgimenti mondiali
194;La sapienza che viene da Dio ci Ã¨ utile: in che modo?
